ID,Source spreadsheet row,Source agency,Display name,Agency type,State,City used,Latitude,Longitude,Location method,Confidence,Census place,Coordinate source,Included in map
1,9,(F) Alhambra Police Department (CA),Alhambra Police Department,Police,California,Alhambra,34.083571,-118.136444,Agency-name city match,High,Alhambra city,https://www.census.gov/geographies/reference-files/time-series/geo/gazetteer-files.html,Yes
2,10,(F) Anderson Police Department (CA),Anderson Police Department,Police,California,Anderson,40.449755,-122.29507,Agency-name city match,High,Anderson city,https://www.census.gov/geographies/reference-files/time-series/geo/gazetteer-files.html,Yes
3,11,(F) Arroyo Grande Police Department-CA,Arroyo Grande Police Department,Police,California,Arroyo Grande,35.124149,-120.584533,Agency-name city match,High,Arroyo Grande city,https://www.census.gov/geographies/reference-files/time-series/geo/gazetteer-files.html,Yes
4,12,(F) Bakersfield Police Department,Bakersfield Police Department,Police,California,Bakersfield,35.353171,-119.037919,Agency-name city match,High,Bakersfield city,https://www.census.gov/geographies/reference-files/time-series/geo/gazetteer-files.html,Yes
5,13,(F) Brea Police Department,Brea Police Department,Police,California,Brea,33.925178,-117.865111,Agency-name city match,High,Brea city,https://www.census.gov/geographies/reference-files/time-series/geo/gazetteer-files.html,Yes
6,14,(F) Brentwood Police Department CA,Brentwood Police Department,Police,California,Brentwood,37.935578,-121.71897,Agency-name city match,High,Brentwood city,https://www.census.gov/geographies/reference-files/time-series/geo/gazetteer-files.html,Yes
7,15,(F) CA Parole Apprehension Team (CA),CA Parole Apprehension Team,State,California,Sacramento,38.567694,-121.468161,Manual headquarters/office city,Medium,Sacramento city,https://www.census.gov/geographies/reference-files/time-series/geo/gazetteer-files.html,Yes
8,16,(F) California Department of Fish And Wildlife (CA),California Department of Fish And Wildlife,State,California,Sacramento,38.567694,-121.468161,Manual headquarters/office city,Medium,Sacramento city,https://www.census.gov/geographies/reference-files/time-series/geo/gazetteer-files.html,Yes
9,17,(F) California Department Of Insurance (CA),California Department Of Insurance,State,California,Sacramento,38.567694,-121.468161,Manual headquarters/office city,Medium,Sacramento city,https://www.census.gov/geographies/reference-files/time-series/geo/gazetteer-files.html,Yes
10,18,(F) California Department of Motor Vehicles (CA),California Department of Motor Vehicles,Other,California,Sacramento,38.567694,-121.468161,Manual headquarters/office city,Medium,Sacramento city,https://www.census.gov/geographies/reference-files/time-series/geo/gazetteer-files.html,Yes
11,19,(F) Camp Pendleton Provost Marshall Office,Camp Pendleton Provost Marshall Office,Federal,California,Camp Pendleton Mainside,33.307209,-117.331048,Manual headquarters/office city,Medium,Camp Pendleton Mainside CDP,https://www.census.gov/geographies/reference-files/time-series/geo/gazetteer-files.html,Yes
12,20,(F) Camp Verde Marshals Office (AZ),Camp Verde Marshals Office,Other,Arizona,Camp Verde,34.569405,-111.857014,Manual headquarters/office city,Medium,Camp Verde town,https://www.census.gov/geographies/reference-files/time-series/geo/gazetteer-files.html,Yes
13,21,(F) Carlsbad Police Department,Carlsbad Police Department,Police,California,Carlsbad,33.129284,-117.284183,Agency-name city match,High,Carlsbad city,https://www.census.gov/geographies/reference-files/time-series/geo/gazetteer-files.html,Yes
14,22,(F) CDTFA Tax Investigations and Inspections Bureau (CA),CDTFA Tax Investigations and Inspections Bureau,Other,California,Sacramento,38.567694,-121.468161,Manual headquarters/office city,Medium,Sacramento city,https://www.census.gov/geographies/reference-files/time-series/geo/gazetteer-files.html,Yes
15,23,(F) Ceres Police Department (CA),Ceres Police Department,Police,California,Ceres,37.598786,-120.968081,Agency-name city match,High,Ceres city,https://www.census.gov/geographies/reference-files/time-series/geo/gazetteer-files.html,Yes
16,24,(F) Churchill County Sheriffs Office (NV),Churchill County Sheriffs Office,Sheriff,Nevada,Fallon,39.473663,-118.777865,County seat / headquarters city,High,Fallon city,https://www.census.gov/geographies/reference-files/time-series/geo/gazetteer-files.html,Yes
17,25,(F) Coalinga Police Department (CA),Coalinga Police Department,Police,California,Coalinga,36.133014,-120.339005,Agency-name city match,High,Coalinga city,https://www.census.gov/geographies/reference-files/time-series/geo/gazetteer-files.html,Yes
18,26,(F) Colton Police Department,Colton Police Department,Police,California,Colton,34.054525,-117.325029,Agency-name city match,High,Colton city,https://www.census.gov/geographies/reference-files/time-series/geo/gazetteer-files.html,Yes
19,27,(F) Concord Police Department (CA),Concord Police Department,Police,California,Concord,37.972184,-122.001587,Agency-name city match,High,Concord city,https://www.census.gov/geographies/reference-files/time-series/geo/gazetteer-files.html,Yes
20,28,(F) Davis Police Department (CA),Davis Police Department,Police,California,Davis,38.556147,-121.737793,Agency-name city match,High,Davis city,https://www.census.gov/geographies/reference-files/time-series/geo/gazetteer-files.html,Yes
21,29,(F) Department Of Cannabis Control California (CA),Department Of Cannabis Control California,Other,California,Sacramento,38.567694,-121.468161,Manual headquarters/office city,Medium,Sacramento city,https://www.census.gov/geographies/reference-files/time-series/geo/gazetteer-files.html,Yes
22,30,(F) Department of Interior (DOI) US Park Police,Department of Interior (DOI) US Park Police,Federal,California,San Francisco,37.727239,-123.032229,Manual headquarters/office city,Medium,San Francisco city,https://www.census.gov/geographies/reference-files/time-series/geo/gazetteer-files.html,Yes
23,31,(F) Escondido Police Department,Escondido Police Department,Police,California,Escondido,33.133053,-117.074043,Agency-name city match,High,Escondido city,https://www.census.gov/geographies/reference-files/time-series/geo/gazetteer-files.html,Yes
24,32,(F) Folsom Police Department,Folsom Police Department,Police,California,Folsom,38.666597,-121.141635,Agency-name city match,High,Folsom city,https://www.census.gov/geographies/reference-files/time-series/geo/gazetteer-files.html,Yes
25,33,(F) Forest Service USDA,Forest Service USDA,Federal,California,Vallejo,38.106909,-122.262339,Manual headquarters/office city,Medium,Vallejo city,https://www.census.gov/geographies/reference-files/time-series/geo/gazetteer-files.html,Yes
26,34,(F) Fresno County District Attorney (CA),Fresno County District Attorney,Other,California,Fresno,36.782684,-119.793359,County seat / headquarters city,High,Fresno city,https://www.census.gov/geographies/reference-files/time-series/geo/gazetteer-files.html,Yes
27,35,(F) Fresno Police Department,Fresno Police Department,Police,California,Fresno,36.782684,-119.793359,Agency-name city match,High,Fresno city,https://www.census.gov/geographies/reference-files/time-series/geo/gazetteer-files.html,Yes
28,36,(F) Hillsboro Police Department,Hillsboro Police Department,Police,Oregon,Hillsboro,45.526798,-122.935395,Agency-name city match,High,Hillsboro city,https://www.census.gov/geographies/reference-files/time-series/geo/gazetteer-files.html,Yes
29,37,(F) Huntington Beach Police Department,Huntington Beach Police Department,Police,California,Huntington Beach,33.698007,-118.003834,Agency-name city match,High,Huntington Beach city,https://www.census.gov/geographies/reference-files/time-series/geo/gazetteer-files.html,Yes
30,38,(F) Inyo County Sheriffs Department (CA),Inyo County Sheriffs Department,Sheriff,California,Independence,36.83031,-118.207855,County seat / headquarters city,High,Independence CDP,https://www.census.gov/geographies/reference-files/time-series/geo/gazetteer-files.html,Yes
31,39,(F) IRS Criminal Investigations,IRS Criminal Investigations,Federal,California,Oakland,37.769846,-122.22569,Manual headquarters/office city,Medium,Oakland city,https://www.census.gov/geographies/reference-files/time-series/geo/gazetteer-files.html,Yes
32,40,(F) La Habra Police Department,La Habra Police Department,Police,California,La Habra,33.927927,-117.951554,Agency-name city match,High,La Habra city,https://www.census.gov/geographies/reference-files/time-series/geo/gazetteer-files.html,Yes
33,41,(F) LA Port Police,LA Port Police,Police,California,Los Angeles,34.019394,-118.410825,Manual headquarters/office city,Medium,Los Angeles city,https://www.census.gov/geographies/reference-files/time-series/geo/gazetteer-files.html,Yes
34,42,(F) Las Vegas Metro Police Department,Las Vegas Metro Police Department,Police,Nevada,Las Vegas,36.233499,-115.264037,Manual headquarters/office city,Medium,Las Vegas city,https://www.census.gov/geographies/reference-files/time-series/geo/gazetteer-files.html,Yes
35,43,(F) Lathrop Police Department (CA),Lathrop Police Department,Police,California,Lathrop,37.808666,-121.317765,Agency-name city match,High,Lathrop city,https://www.census.gov/geographies/reference-files/time-series/geo/gazetteer-files.html,Yes
36,44,(F) Los Angeles County Sheriff,Los Angeles County Sheriff,Sheriff,California,Los Angeles,34.019394,-118.410825,County seat / headquarters city,High,Los Angeles city,https://www.census.gov/geographies/reference-files/time-series/geo/gazetteer-files.html,Yes
37,45,(F) Marin County Sheriffs Office,Marin County Sheriffs Office,Sheriff,California,San Rafael,37.981003,-122.50693,County seat / headquarters city,High,San Rafael city,https://www.census.gov/geographies/reference-files/time-series/geo/gazetteer-files.html,Yes
38,46,(F) McFarland Police Department (CA),McFarland Police Department,Police,California,McFarland,35.667286,-119.230722,Agency-name city match,High,McFarland city,https://www.census.gov/geographies/reference-files/time-series/geo/gazetteer-files.html,Yes
39,47,(F) Mesquite Police Department (NV),Mesquite Police Department,Police,Nevada,Mesquite,36.81112,-114.125652,Agency-name city match,High,Mesquite city,https://www.census.gov/geographies/reference-files/time-series/geo/gazetteer-files.html,Yes
40,48,(F) Modesto Police Department (CA),Modesto Police Department,Police,California,Modesto,37.637533,-121.003049,Agency-name city match,High,Modesto city,https://www.census.gov/geographies/reference-files/time-series/geo/gazetteer-files.html,Yes
41,49,(F) Morro Bay Police Department (CA),Morro Bay Police Department,Police,California,Morro Bay,35.366773,-120.868289,Agency-name city match,High,Morro Bay city,https://www.census.gov/geographies/reference-files/time-series/geo/gazetteer-files.html,Yes
42,50,(F) Newport Beach Police Department,Newport Beach Police Department,Police,California,Newport Beach,33.597332,-117.890352,Agency-name city match,High,Newport Beach city,https://www.census.gov/geographies/reference-files/time-series/geo/gazetteer-files.html,Yes
43,51,(F) Oceanside Police Department (CA),Oceanside Police Department,Police,California,Oceanside,33.224601,-117.306291,Agency-name city match,High,Oceanside city,https://www.census.gov/geographies/reference-files/time-series/geo/gazetteer-files.html,Yes
44,52,(F) Oxnard Police Department,Oxnard Police Department,Police,California,Oxnard,34.199436,-119.207515,Agency-name city match,High,Oxnard city,https://www.census.gov/geographies/reference-files/time-series/geo/gazetteer-files.html,Yes
45,53,(F) Pasadena Police Department (CA),Pasadena Police Department,Police,California,Pasadena,34.160602,-118.137954,Agency-name city match,High,Pasadena city,https://www.census.gov/geographies/reference-files/time-series/geo/gazetteer-files.html,Yes
46,54,(F) Paso Robles Police Department (CA),Paso Robles Police Department,Police,California,Paso Robles,35.628513,-120.650356,Agency-name city match,High,El Paso de Robles (Paso Robles) city,https://www.census.gov/geographies/reference-files/time-series/geo/gazetteer-files.html,Yes
47,55,(F) Phoenix Police Department,Phoenix Police Department,Police,Arizona,Phoenix,33.572154,-112.090132,Agency-name city match,High,Phoenix city,https://www.census.gov/geographies/reference-files/time-series/geo/gazetteer-files.html,Yes
48,56,(F) Pismo Beach Police Department (CA),Pismo Beach Police Department,Police,California,Pismo Beach,35.153173,-120.673874,Agency-name city match,High,Pismo Beach city,https://www.census.gov/geographies/reference-files/time-series/geo/gazetteer-files.html,Yes
49,57,(F) Porterville Police Department (CA),Porterville Police Department,Police,California,Porterville,36.063542,-119.0336,Agency-name city match,High,Porterville city,https://www.census.gov/geographies/reference-files/time-series/geo/gazetteer-files.html,Yes
50,58,(F) Portland Police Bureau (OR),Portland Police Bureau,Police,Oregon,Portland,45.536951,-122.649971,Agency-name city match,High,Portland city,https://www.census.gov/geographies/reference-files/time-series/geo/gazetteer-files.html,Yes
51,59,(F) Redmond Police Department (OR),Redmond Police Department,Police,Oregon,Redmond,44.260694,-121.182425,Agency-name city match,High,Redmond city,https://www.census.gov/geographies/reference-files/time-series/geo/gazetteer-files.html,Yes
52,60,(F) Redondo Beach Police Department,Redondo Beach Police Department,Police,California,Redondo Beach,33.849538,-118.400755,Agency-name city match,High,Redondo Beach city,https://www.census.gov/geographies/reference-files/time-series/geo/gazetteer-files.html,Yes
53,61,(F) Redwood City PD,Redwood City PD,Police,California,Redwood City,37.515274,-122.213672,Agency-name city match,High,Redwood City city,https://www.census.gov/geographies/reference-files/time-series/geo/gazetteer-files.html,Yes
54,62,(F) Reno Tahoe Airport Police Department,Reno Tahoe Airport Police Department,Police,Nevada,Reno,39.549097,-119.849907,Manual headquarters/office city,Medium,Reno city,https://www.census.gov/geographies/reference-files/time-series/geo/gazetteer-files.html,Yes
55,63,(F) Sacramento County Sheriffs Office,Sacramento County Sheriffs Office,Sheriff,California,Sacramento,38.567694,-121.468161,County seat / headquarters city,High,Sacramento city,https://www.census.gov/geographies/reference-files/time-series/geo/gazetteer-files.html,Yes
56,64,(F) Sacramento Police Department,Sacramento Police Department,Police,California,Sacramento,38.567694,-121.468161,Agency-name city match,High,Sacramento city,https://www.census.gov/geographies/reference-files/time-series/geo/gazetteer-files.html,Yes
57,65,(F) Salt River Pima Maricopa Indian Community Police Dept (AZ),Salt River Pima Maricopa Indian Community Police Dept,Police,Arizona,Scottsdale,33.684272,-111.861448,Manual headquarters/office city,Medium,Scottsdale city,https://www.census.gov/geographies/reference-files/time-series/geo/gazetteer-files.html,Yes
58,66,(F) San Bernardino County Sheriffs,San Bernardino County Sheriffs,Sheriff,California,San Bernardino,34.14114,-117.294635,County seat / headquarters city,High,San Bernardino city,https://www.census.gov/geographies/reference-files/time-series/geo/gazetteer-files.html,Yes
59,67,(F) San Diego County District Attorney (CA),San Diego County District Attorney,State,California,San Diego,32.814977,-117.135562,County seat / headquarters city,High,San Diego city,https://www.census.gov/geographies/reference-files/time-series/geo/gazetteer-files.html,Yes
60,68,(F) San Luis Obispo Sheriffs Office,San Luis Obispo Sheriffs Office,Sheriff,California,San Luis Obispo,35.266195,-120.668438,Agency-name city match,High,San Luis Obispo city,https://www.census.gov/geographies/reference-files/time-series/geo/gazetteer-files.html,Yes
61,69,(F) Santa Ana Police Department,Santa Ana Police Department,Police,California,Santa Ana,33.736332,-117.8829,Agency-name city match,High,Santa Ana city,https://www.census.gov/geographies/reference-files/time-series/geo/gazetteer-files.html,Yes
62,70,(F) Santa Monica Police Department (CA),Santa Monica Police Department,Police,California,Santa Monica,34.010911,-118.498245,Agency-name city match,High,Santa Monica city,https://www.census.gov/geographies/reference-files/time-series/geo/gazetteer-files.html,Yes
63,71,(F) Seal Beach Police Department,Seal Beach Police Department,Police,California,Seal Beach,33.754399,-118.07132,Agency-name city match,High,Seal Beach city,https://www.census.gov/geographies/reference-files/time-series/geo/gazetteer-files.html,Yes
64,72,(F) Shasta County Sheriffs Office (CA),Shasta County Sheriffs Office,Sheriff,California,Redding,40.570277,-122.366766,County seat / headquarters city,High,Redding city,https://www.census.gov/geographies/reference-files/time-series/geo/gazetteer-files.html,Yes
65,73,(F) Signal Hill Police Department,Signal Hill Police Department,Police,California,Signal Hill,33.803461,-118.169735,Agency-name city match,High,Signal Hill city,https://www.census.gov/geographies/reference-files/time-series/geo/gazetteer-files.html,Yes
66,74,(F) The Dalles Police Department (OR),The Dalles Police Department,Police,Oregon,The Dalles,45.598386,-121.152411,Agency-name city match,High,The Dalles city,https://www.census.gov/geographies/reference-files/time-series/geo/gazetteer-files.html,Yes
67,75,(F) Torrance Police Department,Torrance Police Department,Police,California,Torrance,33.830453,-118.356618,Agency-name city match,High,Torrance city,https://www.census.gov/geographies/reference-files/time-series/geo/gazetteer-files.html,Yes
68,76,(F) Tulare County Sheriffs Department (CA),Tulare County Sheriffs Department,Sheriff,California,Visalia,36.32803,-119.328519,County seat / headquarters city,High,Visalia city,https://www.census.gov/geographies/reference-files/time-series/geo/gazetteer-files.html,Yes
69,77,(F) UC Irvine Police Department,UC Irvine Police Department,Police,California,Irvine,33.678399,-117.771254,Manual headquarters/office city,Medium,Irvine city,https://www.census.gov/geographies/reference-files/time-series/geo/gazetteer-files.html,Yes
70,78,(F) UC Merced Police Department (CA),UC Merced Police Department,Police,California,Merced,37.305721,-120.477907,Manual headquarters/office city,Medium,Merced city,https://www.census.gov/geographies/reference-files/time-series/geo/gazetteer-files.html,Yes
71,79,(F) University of California Riverside Police  Department (CA),University of California Riverside Police Department,Police,California,Riverside,33.938143,-117.393168,Manual headquarters/office city,Medium,Riverside city,https://www.census.gov/geographies/reference-files/time-series/geo/gazetteer-files.html,Yes
72,80,(F) Vacaville Police Department (CA),Vacaville Police Department,Police,California,Vacaville,38.358621,-121.968601,Agency-name city match,High,Vacaville city,https://www.census.gov/geographies/reference-files/time-series/geo/gazetteer-files.html,Yes
73,81,(F) Ventura County District Attorneys Office (CA),Ventura County District Attorneys Office,State,California,Ventura,34.26778,-119.254206,County seat / headquarters city,High,San Buenaventura (Ventura) city,https://www.census.gov/geographies/reference-files/time-series/geo/gazetteer-files.html,Yes
74,82,(F) Ventura County Sheriff Department,Ventura County Sheriff Department,Sheriff,California,Ventura,34.26778,-119.254206,County seat / headquarters city,High,San Buenaventura (Ventura) city,https://www.census.gov/geographies/reference-files/time-series/geo/gazetteer-files.html,Yes
75,83,(F) Woodland Police Department,Woodland Police Department,Police,California,Woodland,38.67116,-121.750043,Agency-name city match,High,Woodland city,https://www.census.gov/geographies/reference-files/time-series/geo/gazetteer-files.html,Yes
76,84,Amador County Sheriffs Office (CA),Amador County Sheriffs Office,Sheriff,California,Jackson,38.348489,-120.772822,County seat / headquarters city,High,Jackson city,https://www.census.gov/geographies/reference-files/time-series/geo/gazetteer-files.html,Yes
77,85,Antioch Police Department CA,Antioch Police Department,Police,California,Antioch,37.978336,-121.796064,Agency-name city match,High,Antioch city,https://www.census.gov/geographies/reference-files/time-series/geo/gazetteer-files.html,Yes
78,86,Apache County Sheriffs Department (AZ),Apache County Sheriffs Department,Sheriff,Arizona,St. Johns,34.500368,-109.37691,County seat / headquarters city,High,St. Johns city,https://www.census.gov/geographies/reference-files/time-series/geo/gazetteer-files.html,Yes
79,87,Apache Junction Police Department (AZ),Apache Junction Police Department,Police,Arizona,Apache Junction,33.382766,-111.540509,Agency-name city match,High,Apache Junction city,https://www.census.gov/geographies/reference-files/time-series/geo/gazetteer-files.html,Yes
80,88,Arcata Police Department (CA),Arcata Police Department,Police,California,Arcata,40.862291,-124.074967,Agency-name city match,High,Arcata city,https://www.census.gov/geographies/reference-files/time-series/geo/gazetteer-files.html,Yes
81,89,Arizona Attorney General (AZ),Arizona Attorney General,Other,Arizona,Phoenix,33.572154,-112.090132,Manual headquarters/office city,Medium,Phoenix city,https://www.census.gov/geographies/reference-files/time-series/geo/gazetteer-files.html,Yes
82,90,Arizona Attorney General (Security Detail) (AZ),Arizona Attorney General (Security Detail),State,Arizona,Phoenix,33.572154,-112.090132,Manual headquarters/office city,Medium,Phoenix city,https://www.census.gov/geographies/reference-files/time-series/geo/gazetteer-files.html,Yes
83,91,Arizona Department of Public Safety,Arizona Department of Public Safety,State Police,Arizona,Phoenix,33.572154,-112.090132,Manual headquarters/office city,Medium,Phoenix city,https://www.census.gov/geographies/reference-files/time-series/geo/gazetteer-files.html,Yes
84,92,Arizona Game and Fish Department (AZ),Arizona Game and Fish Department,State,Arizona,Phoenix,33.572154,-112.090132,Manual headquarters/office city,Medium,Phoenix city,https://www.census.gov/geographies/reference-files/time-series/geo/gazetteer-files.html,Yes
85,93,ATF National Account,ATF National Account,Federal,District of Columbia,Washington,38.904247,-77.016517,Manual headquarters/office city,Medium,Washington city,https://www.census.gov/geographies/reference-files/time-series/geo/gazetteer-files.html,Yes
86,94,Avondale Police Department (AZ),Avondale Police Department,Police,Arizona,Avondale,33.313236,-112.328928,Agency-name city match,High,Avondale city,https://www.census.gov/geographies/reference-files/time-series/geo/gazetteer-files.html,Yes
87,95,AZ HIDTA Investigation Support Center,AZ HIDTA Investigation Support Center,Federal,Arizona,Phoenix,33.572154,-112.090132,Manual headquarters/office city,Medium,Phoenix city,https://www.census.gov/geographies/reference-files/time-series/geo/gazetteer-files.html,Yes
88,96,Azusa Police Department (CA),Azusa Police Department,Police,California,Azusa,34.138524,-117.912253,Agency-name city match,High,Azusa city,https://www.census.gov/geographies/reference-files/time-series/geo/gazetteer-files.html,Yes
89,97,Bay Area Rapid Transit Police (CA),Bay Area Rapid Transit Police,Police,California,Oakland,37.769846,-122.22569,Manual headquarters/office city,Medium,Oakland city,https://www.census.gov/geographies/reference-files/time-series/geo/gazetteer-files.html,Yes
90,98,Benson Police Department (AZ),Benson Police Department,Police,Arizona,Benson,31.914497,-110.328552,Agency-name city match,High,Benson city,https://www.census.gov/geographies/reference-files/time-series/geo/gazetteer-files.html,Yes
91,99,Beverly Hills Police Department,Beverly Hills Police Department,Police,California,Beverly Hills,34.07923,-118.402437,Agency-name city match,High,Beverly Hills city,https://www.census.gov/geographies/reference-files/time-series/geo/gazetteer-files.html,Yes
92,100,Black Butte Ranch Police Department (OR),Black Butte Ranch Police Department,Police,Oregon,Black Butte Ranch,44.364176,-121.668579,Manual headquarters/office city,Medium,Black Butte Ranch CDP,https://www.census.gov/geographies/reference-files/time-series/geo/gazetteer-files.html,Yes
93,101,Buckeye Police Department (AZ),Buckeye Police Department,Police,Arizona,Buckeye,33.431573,-112.641626,Agency-name city match,High,Buckeye city,https://www.census.gov/geographies/reference-files/time-series/geo/gazetteer-files.html,Yes
94,102,Buena Park Police Department,Buena Park Police Department,Police,California,Buena Park,33.857353,-118.007373,Agency-name city match,High,Buena Park city,https://www.census.gov/geographies/reference-files/time-series/geo/gazetteer-files.html,Yes
95,103,Bullhead City Police Department (AZ),Bullhead City Police Department,Police,Arizona,Bullhead City,35.127371,-114.55599,Agency-name city match,High,Bullhead City city,https://www.census.gov/geographies/reference-files/time-series/geo/gazetteer-files.html,Yes
96,104,Burbank Police Department (CA),Burbank Police Department,Police,California,Burbank,34.190079,-118.326405,Agency-name city match,High,Burbank city,https://www.census.gov/geographies/reference-files/time-series/geo/gazetteer-files.html,Yes
97,105,Butte County Sheriffs Department (CA),Butte County Sheriffs Department,Sheriff,California,Oroville,39.495423,-121.560069,County seat / headquarters city,High,Oroville city,https://www.census.gov/geographies/reference-files/time-series/geo/gazetteer-files.html,Yes
98,106,CAL FIRE,CAL FIRE,Police,California,Sacramento,38.567694,-121.468161,Manual headquarters/office city,Medium,Sacramento city,https://www.census.gov/geographies/reference-files/time-series/geo/gazetteer-files.html,Yes
99,107,California Department of Toxic Substances Control (CA),California Department of Toxic Substances Control,State,California,Sacramento,38.567694,-121.468161,Manual headquarters/office city,Medium,Sacramento city,https://www.census.gov/geographies/reference-files/time-series/geo/gazetteer-files.html,Yes
100,108,California Franchise Tax Board (CA),California Franchise Tax Board,State,California,Sacramento,38.567694,-121.468161,Manual headquarters/office city,Medium,Sacramento city,https://www.census.gov/geographies/reference-files/time-series/geo/gazetteer-files.html,Yes
101,109,California Highway Patrol (CA),California Highway Patrol,Police,California,Sacramento,38.567694,-121.468161,Manual headquarters/office city,Medium,Sacramento city,https://www.census.gov/geographies/reference-files/time-series/geo/gazetteer-files.html,Yes
102,110,California State Lottery (CA),California State Lottery,State,California,Sacramento,38.567694,-121.468161,Manual headquarters/office city,Medium,Sacramento city,https://www.census.gov/geographies/reference-files/time-series/geo/gazetteer-files.html,Yes
103,111,Carson City Sheriffs Dept,Carson City Sheriffs Dept,Police,Nevada,Carson City,39.15306,-119.747368,Manual headquarters/office city,Medium,Carson City,https://www.census.gov/geographies/reference-files/time-series/geo/gazetteer-files.html,Yes
104,112,Cathedral City Police Department,Cathedral City Police Department,Police,California,Cathedral City,33.835487,-116.463103,Agency-name city match,High,Cathedral City city,https://www.census.gov/geographies/reference-files/time-series/geo/gazetteer-files.html,Yes
105,113,Central Oregon Drug Enforcement (OR),Central Oregon Drug Enforcement,Sheriff,Oregon,Bend,44.056683,-121.307991,Manual headquarters/office city,Medium,Bend city,https://www.census.gov/geographies/reference-files/time-series/geo/gazetteer-files.html,Yes
106,114,Chino Police Department,Chino Police Department,Police,California,Chino,33.978037,-117.657719,Agency-name city match,High,Chino city,https://www.census.gov/geographies/reference-files/time-series/geo/gazetteer-files.html,Yes
107,115,City of Reno,City of Reno,Police,Nevada,Reno,39.549097,-119.849907,Manual headquarters/office city,Medium,Reno city,https://www.census.gov/geographies/reference-files/time-series/geo/gazetteer-files.html,Yes
108,116,Clark County District Attorneys Office (NV),Clark County District Attorneys Office,Other,Nevada,Las Vegas,36.233499,-115.264037,County seat / headquarters city,High,Las Vegas city,https://www.census.gov/geographies/reference-files/time-series/geo/gazetteer-files.html,Yes
109,117,Clovis Police Department,Clovis Police Department,Police,California,Clovis,36.827809,-119.681843,Agency-name city match,High,Clovis city,https://www.census.gov/geographies/reference-files/time-series/geo/gazetteer-files.html,Yes
110,118,Cochise County Sheriffs Office (AZ),Cochise County Sheriffs Office,Sheriff,Arizona,Bisbee,31.398036,-109.931834,County seat / headquarters city,High,Bisbee city,https://www.census.gov/geographies/reference-files/time-series/geo/gazetteer-files.html,Yes
111,119,Contra Costa County Sheriffs,Contra Costa County Sheriffs,Sheriff,California,Martinez,37.998116,-122.114419,County seat / headquarters city,High,Martinez city,https://www.census.gov/geographies/reference-files/time-series/geo/gazetteer-files.html,Yes
112,120,Coolidge Police Department (AZ),Coolidge Police Department,Police,Arizona,Coolidge,32.933616,-111.523585,Agency-name city match,High,Coolidge city,https://www.census.gov/geographies/reference-files/time-series/geo/gazetteer-files.html,Yes
113,121,Corona Police Department,Corona Police Department,Police,California,Corona,33.861969,-117.565495,Agency-name city match,High,Corona city,https://www.census.gov/geographies/reference-files/time-series/geo/gazetteer-files.html,Yes
114,122,Costa Mesa Police Department,Costa Mesa Police Department,Police,California,Costa Mesa,33.665905,-117.912336,Agency-name city match,High,Costa Mesa city,https://www.census.gov/geographies/reference-files/time-series/geo/gazetteer-files.html,Yes
115,123,County of San Mateo Sheriffs Office,County of San Mateo Sheriffs Office,Sheriff,California,Redwood City,37.515274,-122.213672,County seat / headquarters city,High,Redwood City city,https://www.census.gov/geographies/reference-files/time-series/geo/gazetteer-files.html,Yes
116,124,Cypress Police Department,Cypress Police Department,Police,California,Cypress,33.818477,-118.038307,Agency-name city match,High,Cypress city,https://www.census.gov/geographies/reference-files/time-series/geo/gazetteer-files.html,Yes
117,125,Danville Police Department CA,Danville Police Department,Police,California,Danville,37.812142,-121.969824,Agency-name city match,High,Danville town,https://www.census.gov/geographies/reference-files/time-series/geo/gazetteer-files.html,Yes
118,126,Department of Transportation - Phoenix (AZ),Department of Transportation - Phoenix,State,Arizona,Phoenix,33.572154,-112.090132,Manual headquarters/office city,Medium,Phoenix city,https://www.census.gov/geographies/reference-files/time-series/geo/gazetteer-files.html,Yes
119,127,Department of Veterans Affairs - Office of Inspector General,Department of Veterans Affairs - Office of Inspector General,Federal,District of Columbia,Washington,38.904247,-77.016517,Manual headquarters/office city,Medium,Washington city,https://www.census.gov/geographies/reference-files/time-series/geo/gazetteer-files.html,Yes
120,128,Department of Veterans Affairs Police,Department of Veterans Affairs Police,Federal,District of Columbia,Washington,38.904247,-77.016517,Manual headquarters/office city,Medium,Washington city,https://www.census.gov/geographies/reference-files/time-series/geo/gazetteer-files.html,Yes
121,129,Deschutes County Sheriffs Office (OR),Deschutes County Sheriffs Office,Sheriff,Oregon,Bend,44.056683,-121.307991,County seat / headquarters city,High,Bend city,https://www.census.gov/geographies/reference-files/time-series/geo/gazetteer-files.html,Yes
122,130,DOJ Criminal Division,DOJ Criminal Division,Federal,District of Columbia,Washington,38.904247,-77.016517,Manual headquarters/office city,Medium,Washington city,https://www.census.gov/geographies/reference-files/time-series/geo/gazetteer-files.html,Yes
123,131,Douglas County Sheriff (NV),Douglas County Sheriff,Sheriff,Nevada,Minden,38.964576,-119.766621,County seat / headquarters city,High,Minden CDP,https://www.census.gov/geographies/reference-files/time-series/geo/gazetteer-files.html,Yes
124,132,Downey Police Department,Downey Police Department,Police,California,Downey,33.938237,-118.130856,Agency-name city match,High,Downey city,https://www.census.gov/geographies/reference-files/time-series/geo/gazetteer-files.html,Yes
125,133,Drug Enforcement Administration (NATL),Drug Enforcement Administration (NATL),Federal,District of Columbia,Washington,38.904247,-77.016517,Manual headquarters/office city,Medium,Washington city,https://www.census.gov/geographies/reference-files/time-series/geo/gazetteer-files.html,Yes
126,134,Dublin Police Department CA,Dublin Police Department,Police,California,Dublin,37.716137,-121.896229,Agency-name city match,High,Dublin city,https://www.census.gov/geographies/reference-files/time-series/geo/gazetteer-files.html,Yes
127,135,El Dorado County District Attorneys Office (CA),El Dorado County District Attorneys Office,Other,California,Placerville,38.731116,-120.797677,County seat / headquarters city,High,Placerville city,https://www.census.gov/geographies/reference-files/time-series/geo/gazetteer-files.html,Yes
128,136,El Mirage Police Department (AZ),El Mirage Police Department,Police,Arizona,El Mirage,33.590224,-112.327102,Agency-name city match,High,El Mirage city,https://www.census.gov/geographies/reference-files/time-series/geo/gazetteer-files.html,Yes
129,137,El Segundo Police Department (CA),El Segundo Police Department,Police,California,El Segundo,33.910367,-118.425079,Agency-name city match,High,El Segundo city,https://www.census.gov/geographies/reference-files/time-series/geo/gazetteer-files.html,Yes
130,138,Eloy Police Department (AZ),Eloy Police Department,Police,Arizona,Eloy,32.741255,-111.594015,Agency-name city match,High,Eloy city,https://www.census.gov/geographies/reference-files/time-series/geo/gazetteer-files.html,Yes
131,139,Federal Protective Service (FPS) (DC),Federal Protective Service (FPS),Federal,District of Columbia,Washington,38.904247,-77.016517,Manual headquarters/office city,Medium,Washington city,https://www.census.gov/geographies/reference-files/time-series/geo/gazetteer-files.html,Yes
132,140,Florence Police Department (AZ),Florence Police Department,Police,Arizona,Florence,33.069367,-111.413992,Agency-name city match,High,Florence town,https://www.census.gov/geographies/reference-files/time-series/geo/gazetteer-files.html,Yes
133,141,Fontana Police Department,Fontana Police Department,Police,California,Fontana,34.109686,-117.462888,Agency-name city match,High,Fontana city,https://www.census.gov/geographies/reference-files/time-series/geo/gazetteer-files.html,Yes
134,142,Fort Mohave Tribal Police Department (AZ),Fort Mohave Tribal Police Department,Police,Arizona,Mohave Valley,34.902431,-114.571389,Manual headquarters/office city,Medium,Mohave Valley CDP,https://www.census.gov/geographies/reference-files/time-series/geo/gazetteer-files.html,Yes
135,143,Fountain Valley Police Department,Fountain Valley Police Department,Police,California,Fountain Valley,33.710582,-117.951129,Agency-name city match,High,Fountain Valley city,https://www.census.gov/geographies/reference-files/time-series/geo/gazetteer-files.html,Yes
136,144,FREDONIA POLICE DEPARTMENT (AZ),FREDONIA POLICE DEPARTMENT,Police,Arizona,FREDONIA,36.961626,-112.516363,Agency-name city match,High,Fredonia town,https://www.census.gov/geographies/reference-files/time-series/geo/gazetteer-files.html,Yes
137,145,Freeway Safety Network - EAST BAY,Freeway Safety Network - EAST BAY,Police,California,Oakland,37.769846,-122.22569,Manual headquarters/office city,Medium,Oakland city,https://www.census.gov/geographies/reference-files/time-series/geo/gazetteer-files.html,Yes
138,146,Fresno County Sheriffs Office (CA),Fresno County Sheriffs Office,Sheriff,California,Fresno,36.782684,-119.793359,County seat / headquarters city,High,Fresno city,https://www.census.gov/geographies/reference-files/time-series/geo/gazetteer-files.html,Yes
139,147,Fullerton Police Department,Fullerton Police Department,Police,California,Fullerton,33.885716,-117.928025,Agency-name city match,High,Fullerton city,https://www.census.gov/geographies/reference-files/time-series/geo/gazetteer-files.html,Yes
140,148,Gila County Sheriffs Office (AZ),Gila County Sheriffs Office,Sheriff,Arizona,Globe,33.393642,-110.741106,County seat / headquarters city,High,Globe city,https://www.census.gov/geographies/reference-files/time-series/geo/gazetteer-files.html,Yes
141,149,Glendale Community College Police Department (AZ),Glendale Community College Police Department,Other,Arizona,Glendale,33.533111,-112.189901,Manual headquarters/office city,Medium,Glendale city,https://www.census.gov/geographies/reference-files/time-series/geo/gazetteer-files.html,Yes
142,150,Glendale Police Department (CA),Glendale Police Department,Police,California,Glendale,34.181393,-118.24583,Agency-name city match,High,Glendale city,https://www.census.gov/geographies/reference-files/time-series/geo/gazetteer-files.html,Yes
143,151,Glendale Police Department AZ,Glendale Police Department,Police,Arizona,Glendale,33.533111,-112.189901,Agency-name city match,High,Glendale city,https://www.census.gov/geographies/reference-files/time-series/geo/gazetteer-files.html,Yes
144,152,Globe Police Department (AZ),Globe Police Department,Police,Arizona,Globe,33.393642,-110.741106,Agency-name city match,High,Globe city,https://www.census.gov/geographies/reference-files/time-series/geo/gazetteer-files.html,Yes
145,153,Goodyear Police Department (AZ),Goodyear Police Department,Police,Arizona,Goodyear,33.254031,-112.366472,Agency-name city match,High,Goodyear city,https://www.census.gov/geographies/reference-files/time-series/geo/gazetteer-files.html,Yes
146,154,Grass Valley Police Department (CA),Grass Valley Police Department,Police,California,Grass Valley,39.220305,-121.052654,Agency-name city match,High,Grass Valley city,https://www.census.gov/geographies/reference-files/time-series/geo/gazetteer-files.html,Yes
147,155,Gresham Police Department,Gresham Police Department,Police,Oregon,Gresham,45.502319,-122.441609,Agency-name city match,High,Gresham city,https://www.census.gov/geographies/reference-files/time-series/geo/gazetteer-files.html,Yes
148,156,Hawthorne Police Department,Hawthorne Police Department,Police,California,Hawthorne,33.914775,-118.348083,Agency-name city match,High,Hawthorne city,https://www.census.gov/geographies/reference-files/time-series/geo/gazetteer-files.html,Yes
149,157,Henderson Police Department (NV),Henderson Police Department,Police,Nevada,Henderson,36.008958,-115.0268,Agency-name city match,High,Henderson city,https://www.census.gov/geographies/reference-files/time-series/geo/gazetteer-files.html,Yes
150,158,Hillsborough Police Department (CA),Hillsborough Police Department,Police,California,Hillsborough,37.557206,-122.358541,Agency-name city match,High,Hillsborough town,https://www.census.gov/geographies/reference-files/time-series/geo/gazetteer-files.html,Yes
151,159,HSI,HSI,Federal,District of Columbia,Washington,38.904247,-77.016517,Manual headquarters/office city,Medium,Washington city,https://www.census.gov/geographies/reference-files/time-series/geo/gazetteer-files.html,Yes
152,160,Huachuca City Police Department (AZ),Huachuca City Police Department,Police,Arizona,Huachuca City,31.630804,-110.342193,Agency-name city match,High,Huachuca City town,https://www.census.gov/geographies/reference-files/time-series/geo/gazetteer-files.html,Yes
153,161,Huntington Park Police Department (CA),Huntington Park Police Department,Police,California,Huntington Park,33.979248,-118.217438,Agency-name city match,High,Huntington Park city,https://www.census.gov/geographies/reference-files/time-series/geo/gazetteer-files.html,Yes
154,162,ICE ERO,ICE ERO,Federal,District of Columbia,Washington,38.904247,-77.016517,Manual headquarters/office city,Medium,Washington city,https://www.census.gov/geographies/reference-files/time-series/geo/gazetteer-files.html,Yes
155,163,Imperial County District Attorney (CA),Imperial County District Attorney,Other,California,El Centro,32.786351,-115.560206,County seat / headquarters city,High,El Centro city,https://www.census.gov/geographies/reference-files/time-series/geo/gazetteer-files.html,Yes
156,164,Inactive Auburn Police Department CA,Inactive Auburn Police Department,Police,California,Auburn,38.895075,-121.076739,Agency-name city match,High,Auburn city,https://www.census.gov/geographies/reference-files/time-series/geo/gazetteer-files.html,Yes
157,165,Inactive Beaverton Police Department (OR),Inactive Beaverton Police Department,Police,Oregon,Beaverton,45.477998,-122.817037,Agency-name city match,High,Beaverton city,https://www.census.gov/geographies/reference-files/time-series/geo/gazetteer-files.html,Yes
158,166,Inactive Campbell Police Department (CA),Inactive Campbell Police Department,Police,California,Campbell,37.280244,-121.953296,Agency-name city match,High,Campbell city,https://www.census.gov/geographies/reference-files/time-series/geo/gazetteer-files.html,Yes
159,167,Inactive Chula Vista Police Department,Inactive Chula Vista Police Department,Police,California,Chula Vista,32.62767,-117.01517,Agency-name city match,High,Chula Vista city,https://www.census.gov/geographies/reference-files/time-series/geo/gazetteer-files.html,Yes
160,168,Inactive Clackamas County Sheriffs Office (OR),Inactive Clackamas County Sheriffs Office,Sheriff,Oregon,Oregon City,45.341314,-122.592327,County seat / headquarters city,High,Oregon City city,https://www.census.gov/geographies/reference-files/time-series/geo/gazetteer-files.html,Yes
161,169,Inactive Clayton Police Department CA,Inactive Clayton Police Department,Police,California,Clayton,37.940322,-121.930075,Agency-name city match,High,Clayton city,https://www.census.gov/geographies/reference-files/time-series/geo/gazetteer-files.html,Yes
162,170,Inactive Coconino County Sheriffs Office (AZ),Inactive Coconino County Sheriffs Office,Sheriff,Arizona,Flagstaff,35.185212,-111.620698,County seat / headquarters city,High,Flagstaff city,https://www.census.gov/geographies/reference-files/time-series/geo/gazetteer-files.html,Yes
163,171,Inactive Colorado City Marshals Office (AZ),Inactive Colorado City Marshals Office,Other,Arizona,Colorado City,36.970109,-112.985312,Agency-name city match,High,Colorado City town,https://www.census.gov/geographies/reference-files/time-series/geo/gazetteer-files.html,Yes
164,172,Inactive Coronado Police Department (CA),Inactive Coronado Police Department,Police,California,Coronado,32.657625,-117.156539,Agency-name city match,High,Coronado city,https://www.census.gov/geographies/reference-files/time-series/geo/gazetteer-files.html,Yes
165,173,Inactive Corvallis Police Department (OR),Inactive Corvallis Police Department,Police,Oregon,Corvallis,44.569949,-123.278285,Agency-name city match,High,Corvallis city,https://www.census.gov/geographies/reference-files/time-series/geo/gazetteer-files.html,Yes
166,174,Inactive Covina Police Department (CA),Inactive Covina Police Department,Police,California,Covina,34.090475,-117.882143,Agency-name city match,High,Covina city,https://www.census.gov/geographies/reference-files/time-series/geo/gazetteer-files.html,Yes
167,175,Inactive CSU Fullerton Police Department,Inactive CSU Fullerton Police Department,Other,California,Fullerton,33.885716,-117.928025,Manual headquarters/office city,Medium,Fullerton city,https://www.census.gov/geographies/reference-files/time-series/geo/gazetteer-files.html,Yes
168,176,Inactive El Cajon Police Department (CA),Inactive El Cajon Police Department,Police,California,El Cajon,32.801673,-116.960468,Agency-name city match,High,El Cajon city,https://www.census.gov/geographies/reference-files/time-series/geo/gazetteer-files.html,Yes
169,177,Inactive El Monte Police Department (CA),Inactive El Monte Police Department,Police,California,El Monte,34.074633,-118.029136,Agency-name city match,High,El Monte city,https://www.census.gov/geographies/reference-files/time-series/geo/gazetteer-files.html,Yes
170,178,Inactive Federal Bureau of Investigation,Inactive Federal Bureau of Investigation,Federal,Georgia,Atlanta,33.762909,-84.422675,Manual headquarters/office city,Medium,Atlanta city,https://www.census.gov/geographies/reference-files/time-series/geo/gazetteer-files.html,Yes
171,179,Inactive Flagstaff Police Department (AZ),Inactive Flagstaff Police Department,Police,Arizona,Flagstaff,35.185212,-111.620698,Agency-name city match,High,Flagstaff city,https://www.census.gov/geographies/reference-files/time-series/geo/gazetteer-files.html,Yes
172,180,Inactive Galt Police Department,Inactive Galt Police Department,Police,California,Galt,38.268458,-121.298952,Agency-name city match,High,Galt city,https://www.census.gov/geographies/reference-files/time-series/geo/gazetteer-files.html,Yes
173,181,Inactive Gilbert Police Department (AZ),Inactive Gilbert Police Department,Police,Arizona,Gilbert,33.310345,-111.743121,Agency-name city match,High,Gilbert town,https://www.census.gov/geographies/reference-files/time-series/geo/gazetteer-files.html,Yes
174,182,Inactive Grand Canyon University Police Department (AZ),Inactive Grand Canyon University Police Department,Police,Arizona,Phoenix,33.572154,-112.090132,Manual headquarters/office city,Medium,Phoenix city,https://www.census.gov/geographies/reference-files/time-series/geo/gazetteer-files.html,Yes
175,183,Inactive Humboldt County Sheriffs Office (CA),Inactive Humboldt County Sheriffs Office,Sheriff,California,Eureka,40.797594,-124.154191,County seat / headquarters city,High,Eureka city,https://www.census.gov/geographies/reference-files/time-series/geo/gazetteer-files.html,Yes
176,184,Inactive LA Watershed Protection Division (CA),Inactive LA Watershed Protection Division,Other,California,Los Angeles,34.019394,-118.410825,Manual headquarters/office city,Medium,Los Angeles city,https://www.census.gov/geographies/reference-files/time-series/geo/gazetteer-files.html,Yes
177,185,Inactive Lyon County Sheriffs Office (NV),Inactive Lyon County Sheriffs Office,Sheriff,Nevada,Yerington,38.955475,-119.110115,County seat / headquarters city,High,Yerington city,https://www.census.gov/geographies/reference-files/time-series/geo/gazetteer-files.html,Yes
178,186,Inactive Marin County District Attorney (CA),Inactive Marin County District Attorney,Other,California,San Rafael,37.981003,-122.50693,County seat / headquarters city,High,San Rafael city,https://www.census.gov/geographies/reference-files/time-series/geo/gazetteer-files.html,Yes
179,187,Inactive Milwaukie Police Department (OR),Inactive Milwaukie Police Department,Police,Oregon,Milwaukie,45.444835,-122.620848,Agency-name city match,High,Milwaukie city,https://www.census.gov/geographies/reference-files/time-series/geo/gazetteer-files.html,Yes
180,188,Inactive Multnomah County Sheriffs Office (OR),Inactive Multnomah County Sheriffs Office,Sheriff,Oregon,Portland,45.536951,-122.649971,County seat / headquarters city,High,Portland city,https://www.census.gov/geographies/reference-files/time-series/geo/gazetteer-files.html,Yes
181,189,Inactive Napa County Sheriffs Department (CA),Inactive Napa County Sheriffs Department,Sheriff,California,Napa,38.297872,-122.300741,County seat / headquarters city,High,Napa city,https://www.census.gov/geographies/reference-files/time-series/geo/gazetteer-files.html,Yes
182,190,Inactive Navajo Department of Criminal Investigation (AZ),Inactive Navajo Department of Criminal Investigation,Police,Arizona,Window Rock,35.670505,-109.063037,Manual headquarters/office city,Medium,Window Rock CDP,https://www.census.gov/geographies/reference-files/time-series/geo/gazetteer-files.html,Yes
183,191,Inactive Polk County Sheriffs Office (OR),Inactive Polk County Sheriffs Office,Sheriff,Oregon,Dallas,44.922071,-123.312874,County seat / headquarters city,High,Dallas city,https://www.census.gov/geographies/reference-files/time-series/geo/gazetteer-files.html,Yes
184,192,Inactive San Diego Harbor Police Department (CA),Inactive San Diego Harbor Police Department,Police,California,San Diego,32.814977,-117.135562,Manual headquarters/office city,Medium,San Diego city,https://www.census.gov/geographies/reference-files/time-series/geo/gazetteer-files.html,Yes
185,193,Inactive Santa Clara Police Department,Inactive Santa Clara Police Department,Police,California,Santa Clara,37.364621,-121.967973,Agency-name city match,High,Santa Clara city,https://www.census.gov/geographies/reference-files/time-series/geo/gazetteer-files.html,Yes
186,194,Inactive Sedona Police Department (AZ),Inactive Sedona Police Department,Police,Arizona,Sedona,34.858517,-111.793057,Agency-name city match,High,Sedona city,https://www.census.gov/geographies/reference-files/time-series/geo/gazetteer-files.html,Yes
187,195,Inactive Snowline Joint Unified School District Police (CA),Inactive Snowline Joint Unified School District Police,Police,California,Phelan,34.439816,-117.524829,Manual headquarters/office city,Medium,Phelan CDP,https://www.census.gov/geographies/reference-files/time-series/geo/gazetteer-files.html,Yes
188,196,Inactive Thatcher Police Department (AZ),Inactive Thatcher Police Department,Police,Arizona,Thatcher,32.812708,-109.766516,Agency-name city match,High,Thatcher town,https://www.census.gov/geographies/reference-files/time-series/geo/gazetteer-files.html,Yes
189,197,Inactive Umatilla County Sheriffs Office (OR),Inactive Umatilla County Sheriffs Office,Sheriff,Oregon,Pendleton,45.675545,-118.819498,County seat / headquarters city,High,Pendleton city,https://www.census.gov/geographies/reference-files/time-series/geo/gazetteer-files.html,Yes
190,198,Inactive Vallejo Police Department (CA),Inactive Vallejo Police Department,Police,California,Vallejo,38.106909,-122.262339,Agency-name city match,High,Vallejo city,https://www.census.gov/geographies/reference-files/time-series/geo/gazetteer-files.html,Yes
191,199,Inactive Winnemucca Police Department (NV),Inactive Winnemucca Police Department,Police,Nevada,Winnemucca,40.964432,-117.724582,Agency-name city match,High,Winnemucca city,https://www.census.gov/geographies/reference-files/time-series/geo/gazetteer-files.html,Yes
192,200,Inactive Winslow Police Department (AZ),Inactive Winslow Police Department,Police,Arizona,Winslow,35.024236,-110.709331,Agency-name city match,High,Winslow city,https://www.census.gov/geographies/reference-files/time-series/geo/gazetteer-files.html,Yes
193,201,Inglewood Police Department (CA),Inglewood Police Department,Police,California,Inglewood,33.956068,-118.344274,Agency-name city match,High,Inglewood city,https://www.census.gov/geographies/reference-files/time-series/geo/gazetteer-files.html,Yes
194,202,Irvine Police Department (CA),Irvine Police Department,Police,California,Irvine,33.678399,-117.771254,Agency-name city match,High,Irvine city,https://www.census.gov/geographies/reference-files/time-series/geo/gazetteer-files.html,Yes
195,203,Joint Regional Intelligence Center (CA),Joint Regional Intelligence Center,Federal,California,Los Angeles,34.019394,-118.410825,Manual headquarters/office city,Medium,Los Angeles city,https://www.census.gov/geographies/reference-files/time-series/geo/gazetteer-files.html,Yes
196,204,Kingman Police Department (AZ),Kingman Police Department,Police,Arizona,Kingman,35.216992,-114.010529,Agency-name city match,High,Kingman city,https://www.census.gov/geographies/reference-files/time-series/geo/gazetteer-files.html,Yes
197,205,Kings County District Attorneys Office,Kings County District Attorneys Office,Other,California,Hanford,36.327719,-119.654609,County seat / headquarters city,High,Hanford city,https://www.census.gov/geographies/reference-files/time-series/geo/gazetteer-files.html,Yes
198,206,La Mesa Police Department (CA),La Mesa Police Department,Police,California,La Mesa,32.769495,-117.021923,Agency-name city match,High,La Mesa city,https://www.census.gov/geographies/reference-files/time-series/geo/gazetteer-files.html,Yes
199,207,La Palma Police Department,La Palma Police Department,Police,California,La Palma,33.850616,-118.039565,Agency-name city match,High,La Palma city,https://www.census.gov/geographies/reference-files/time-series/geo/gazetteer-files.html,Yes
200,208,La Paz County Sheriffs Office (AZ),La Paz County Sheriffs Office,Sheriff,Arizona,Parker,34.034006,-114.228109,County seat / headquarters city,High,Parker town,https://www.census.gov/geographies/reference-files/time-series/geo/gazetteer-files.html,Yes
201,209,Lafayette Police Department (CA),Lafayette Police Department,Police,California,Lafayette,37.891004,-122.119529,Agency-name city match,High,Lafayette city,https://www.census.gov/geographies/reference-files/time-series/geo/gazetteer-files.html,Yes
202,210,Laguna Beach Police Department,Laguna Beach Police Department,Police,California,Laguna Beach,33.54337,-117.761801,Agency-name city match,High,Laguna Beach city,https://www.census.gov/geographies/reference-files/time-series/geo/gazetteer-files.html,Yes
203,211,Lodi Police Department,Lodi Police Department,Police,California,Lodi,38.12161,-121.290765,Agency-name city match,High,Lodi city,https://www.census.gov/geographies/reference-files/time-series/geo/gazetteer-files.html,Yes
204,212,Long Beach Police Department (CA),Long Beach Police Department,Police,California,Long Beach,33.780791,-118.16818,Agency-name city match,High,Long Beach city,https://www.census.gov/geographies/reference-files/time-series/geo/gazetteer-files.html,Yes
205,213,Los Angeles CLEAR (CA),Los Angeles CLEAR,Other,California,Los Angeles,34.019394,-118.410825,Manual headquarters/office city,Medium,Los Angeles city,https://www.census.gov/geographies/reference-files/time-series/geo/gazetteer-files.html,Yes
206,214,Los Angeles County District Attorneys Office (CA),Los Angeles County District Attorneys Office,Other,California,Los Angeles,34.019394,-118.410825,County seat / headquarters city,High,Los Angeles city,https://www.census.gov/geographies/reference-files/time-series/geo/gazetteer-files.html,Yes
207,215,Los Banos Police Department (CA),Los Banos Police Department,Police,California,Los Banos,37.063184,-120.840304,Agency-name city match,High,Los Banos city,https://www.census.gov/geographies/reference-files/time-series/geo/gazetteer-files.html,Yes
208,216,Madera County Sheriffs Department (CA),Madera County Sheriffs Department,Sheriff,California,Madera,36.965774,-120.08616,County seat / headquarters city,High,Madera city,https://www.census.gov/geographies/reference-files/time-series/geo/gazetteer-files.html,Yes
209,217,Manhattan Beach Police Department,Manhattan Beach Police Department,Police,California,Manhattan Beach,33.90087,-118.420715,Agency-name city match,High,Manhattan Beach city,https://www.census.gov/geographies/reference-files/time-series/geo/gazetteer-files.html,Yes
210,218,Manteca Police Department (CA),Manteca Police Department,Police,California,Manteca,37.790498,-121.230626,Agency-name city match,High,Manteca city,https://www.census.gov/geographies/reference-files/time-series/geo/gazetteer-files.html,Yes
211,219,Marana Police Department (AZ),Marana Police Department,Police,Arizona,Marana,32.465939,-111.135401,Agency-name city match,High,Marana town,https://www.census.gov/geographies/reference-files/time-series/geo/gazetteer-files.html,Yes
212,220,Maricopa Community College Police Dept (AZ),Maricopa Community College Police Dept,Police,Arizona,Tempe,33.388414,-111.931782,Manual headquarters/office city,Medium,Tempe city,https://www.census.gov/geographies/reference-files/time-series/geo/gazetteer-files.html,Yes
213,221,Maricopa County District Attorneys Office (AZ),Maricopa County District Attorneys Office,Other,Arizona,Phoenix,33.572154,-112.090132,County seat / headquarters city,High,Phoenix city,https://www.census.gov/geographies/reference-files/time-series/geo/gazetteer-files.html,Yes
214,222,Maricopa County Sheriffs Office,Maricopa County Sheriffs Office,Police,Arizona,Phoenix,33.572154,-112.090132,County seat / headquarters city,High,Phoenix city,https://www.census.gov/geographies/reference-files/time-series/geo/gazetteer-files.html,Yes
215,223,Marysville Police Department (CA),Marysville Police Department,Police,California,Marysville,39.151535,-121.583374,Agency-name city match,High,Marysville city,https://www.census.gov/geographies/reference-files/time-series/geo/gazetteer-files.html,Yes
216,224,Medford Police Department (OR),Medford Police Department,Police,Oregon,Medford,42.336006,-122.851762,Agency-name city match,High,Medford city,https://www.census.gov/geographies/reference-files/time-series/geo/gazetteer-files.html,Yes
217,225,Merced Police Department CA,Merced Police Department,Police,California,Merced,37.305721,-120.477907,Agency-name city match,High,Merced city,https://www.census.gov/geographies/reference-files/time-series/geo/gazetteer-files.html,Yes
218,226,Mesa Police Department,Mesa Police Department,Police,Arizona,Mesa,33.400626,-111.716487,Agency-name city match,High,Mesa city,https://www.census.gov/geographies/reference-files/time-series/geo/gazetteer-files.html,Yes
219,227,Mono County Sheriffs Office (CA),Mono County Sheriffs Office,Sheriff,California,Bridgeport,38.25521,-119.210424,County seat / headquarters city,High,Bridgeport CDP,https://www.census.gov/geographies/reference-files/time-series/geo/gazetteer-files.html,Yes
220,228,Monterey County Sheriffs Office,Monterey County Sheriffs Office,Sheriff,California,Salinas,36.690217,-121.633793,County seat / headquarters city,High,Salinas city,https://www.census.gov/geographies/reference-files/time-series/geo/gazetteer-files.html,Yes
221,229,Multnomah County District Attorney (OR),Multnomah County District Attorney,State,Oregon,Portland,45.536951,-122.649971,County seat / headquarters city,High,Portland city,https://www.census.gov/geographies/reference-files/time-series/geo/gazetteer-files.html,Yes
222,230,Murrieta Police Department,Murrieta Police Department,Police,California,Murrieta,33.573214,-117.191007,Agency-name city match,High,Murrieta city,https://www.census.gov/geographies/reference-files/time-series/geo/gazetteer-files.html,Yes
223,231,Napa Police Department (CA),Napa Police Department,Police,California,Napa,38.297872,-122.300741,Agency-name city match,High,Napa city,https://www.census.gov/geographies/reference-files/time-series/geo/gazetteer-files.html,Yes
224,232,National City Police Department (CA),National City Police Department,Police,California,National City,32.665862,-117.097361,Agency-name city match,High,National City city,https://www.census.gov/geographies/reference-files/time-series/geo/gazetteer-files.html,Yes
225,233,Navajo County Sheriffs Department (AZ),Navajo County Sheriffs Department,Sheriff,Arizona,Holbrook,34.904624,-110.16721,County seat / headquarters city,High,Holbrook city,https://www.census.gov/geographies/reference-files/time-series/geo/gazetteer-files.html,Yes
226,234,Nevada DMV Compliance Enforcement (NV),Nevada DMV Compliance Enforcement,Other,Nevada,Carson City,39.15306,-119.747368,Manual headquarters/office city,Medium,Carson City,https://www.census.gov/geographies/reference-files/time-series/geo/gazetteer-files.html,Yes
227,235,Nogales Police Department (AZ),Nogales Police Department,Police,Arizona,Nogales,31.361928,-110.93482,Agency-name city match,High,Nogales city,https://www.census.gov/geographies/reference-files/time-series/geo/gazetteer-files.html,Yes
228,236,North Las Vegas Police Department (NV),North Las Vegas Police Department,Police,Nevada,North Las Vegas,36.289865,-115.089181,Agency-name city match,High,North Las Vegas city,https://www.census.gov/geographies/reference-files/time-series/geo/gazetteer-files.html,Yes
229,237,Northern California Regional Intelligence Center (CA),Northern California Regional Intelligence Center,State,California,San Francisco,37.727239,-123.032229,Manual headquarters/office city,Medium,San Francisco city,https://www.census.gov/geographies/reference-files/time-series/geo/gazetteer-files.html,Yes
230,238,Oakley Police Department,Oakley Police Department,Police,California,Oakley,37.996149,-121.693624,Agency-name city match,High,Oakley city,https://www.census.gov/geographies/reference-files/time-series/geo/gazetteer-files.html,Yes
231,239,Ontario Police Department,Ontario Police Department,Police,California,Ontario,34.037648,-117.604433,Agency-name city match,High,Ontario city,https://www.census.gov/geographies/reference-files/time-series/geo/gazetteer-files.html,Yes
232,240,Orange County Sheriffs Department,Orange County Sheriffs Department,Sheriff,California,Santa Ana,33.736332,-117.8829,County seat / headquarters city,High,Santa Ana city,https://www.census.gov/geographies/reference-files/time-series/geo/gazetteer-files.html,Yes
233,241,Orange Police Department,Orange Police Department,Police,California,Orange,33.786971,-117.861265,Agency-name city match,High,Orange city,https://www.census.gov/geographies/reference-files/time-series/geo/gazetteer-files.html,Yes
234,242,Oro Valley Police Department,Oro Valley Police Department,Police,Arizona,Oro Valley,32.420713,-110.977,Agency-name city match,High,Oro Valley town,https://www.census.gov/geographies/reference-files/time-series/geo/gazetteer-files.html,Yes
235,243,Page Police Department (AZ),Page Police Department,Police,Arizona,Page,36.941815,-111.513283,Agency-name city match,High,Page city,https://www.census.gov/geographies/reference-files/time-series/geo/gazetteer-files.html,Yes
236,244,Palm Springs Police Department (CA),Palm Springs Police Department,Police,California,Palm Springs,33.803361,-116.53828,Agency-name city match,High,Palm Springs city,https://www.census.gov/geographies/reference-files/time-series/geo/gazetteer-files.html,Yes
237,245,Palos Verdes Estates Police Department,Palos Verdes Estates Police Department,Police,California,Palos Verdes Estates,33.774271,-118.425754,Agency-name city match,High,Palos Verdes Estates city,https://www.census.gov/geographies/reference-files/time-series/geo/gazetteer-files.html,Yes
238,246,Paradise Valley Police Department,Paradise Valley Police Department,Police,Arizona,Paradise Valley,33.552157,-111.96133,Agency-name city match,High,Paradise Valley town,https://www.census.gov/geographies/reference-files/time-series/geo/gazetteer-files.html,Yes
239,247,Peoria Police Department (AZ),Peoria Police Department,Police,Arizona,Peoria,33.786186,-112.308042,Agency-name city match,High,Peoria city,https://www.census.gov/geographies/reference-files/time-series/geo/gazetteer-files.html,Yes
240,248,Petaluma Police Department (CA),Petaluma Police Department,Police,California,Petaluma,38.242251,-122.628769,Agency-name city match,High,Petaluma city,https://www.census.gov/geographies/reference-files/time-series/geo/gazetteer-files.html,Yes
241,249,Pima County Sheriff,Pima County Sheriff,Sheriff,Arizona,Tucson,32.153036,-110.870773,County seat / headquarters city,High,Tucson city,https://www.census.gov/geographies/reference-files/time-series/geo/gazetteer-files.html,Yes
242,250,Pinal County Sheriffs Office (AZ),Pinal County Sheriffs Office,Sheriff,Arizona,Florence,33.069367,-111.413992,County seat / headquarters city,High,Florence town,https://www.census.gov/geographies/reference-files/time-series/geo/gazetteer-files.html,Yes
243,251,Pinole Police Department (CA),Pinole Police Department,Police,California,Pinole,38.001702,-122.318488,Agency-name city match,High,Pinole city,https://www.census.gov/geographies/reference-files/time-series/geo/gazetteer-files.html,Yes
244,252,Pittsburg Police Department CA,Pittsburg Police Department,Police,California,Pittsburg,38.016771,-121.896948,Agency-name city match,High,Pittsburg city,https://www.census.gov/geographies/reference-files/time-series/geo/gazetteer-files.html,Yes
245,253,Placentia Police Department,Placentia Police Department,Police,California,Placentia,33.881158,-117.854783,Agency-name city match,High,Placentia city,https://www.census.gov/geographies/reference-files/time-series/geo/gazetteer-files.html,Yes
246,254,Placer County Sheriffs Office (CA),Placer County Sheriffs Office,Sheriff,California,Auburn,38.895075,-121.076739,County seat / headquarters city,High,Auburn city,https://www.census.gov/geographies/reference-files/time-series/geo/gazetteer-files.html,Yes
247,255,Pleasant Hill Police Department,Pleasant Hill Police Department,Police,California,Pleasant Hill,37.954163,-122.075772,Agency-name city match,High,Pleasant Hill city,https://www.census.gov/geographies/reference-files/time-series/geo/gazetteer-files.html,Yes
248,256,Portola Valley,Portola Valley,Other,California,Portola Valley,37.365191,-122.232724,Manual headquarters/office city,Medium,Portola Valley town,https://www.census.gov/geographies/reference-files/time-series/geo/gazetteer-files.html,Yes
249,257,Prescott Police Department (AZ),Prescott Police Department,Police,Arizona,Prescott,34.592241,-112.446733,Agency-name city match,High,Prescott city,https://www.census.gov/geographies/reference-files/time-series/geo/gazetteer-files.html,Yes
250,258,Redding Police Department (CA),Redding Police Department,Police,California,Redding,40.570277,-122.366766,Agency-name city match,High,Redding city,https://www.census.gov/geographies/reference-files/time-series/geo/gazetteer-files.html,Yes
251,259,Riverside County District Attorneys Office (CA),Riverside County District Attorneys Office,State,California,Riverside,33.938143,-117.393168,County seat / headquarters city,High,Riverside city,https://www.census.gov/geographies/reference-files/time-series/geo/gazetteer-files.html,Yes
252,260,Riverside Police Department,Riverside Police Department,Police,California,Riverside,33.938143,-117.393168,Agency-name city match,High,Riverside city,https://www.census.gov/geographies/reference-files/time-series/geo/gazetteer-files.html,Yes
253,261,RMIN-RISS,RMIN-RISS,Other,Arizona,Phoenix,33.572154,-112.090132,Manual headquarters/office city,Medium,Phoenix city,https://www.census.gov/geographies/reference-files/time-series/geo/gazetteer-files.html,Yes
254,262,Rohnert Park Police Department CA,Rohnert Park Police Department,Police,California,Rohnert Park,38.347617,-122.700896,Agency-name city match,High,Rohnert Park city,https://www.census.gov/geographies/reference-files/time-series/geo/gazetteer-files.html,Yes
255,263,Sacramento County District Attorneys Office (CA),Sacramento County District Attorneys Office,Other,California,Sacramento,38.567694,-121.468161,County seat / headquarters city,High,Sacramento city,https://www.census.gov/geographies/reference-files/time-series/geo/gazetteer-files.html,Yes
256,264,Safford Police Department (AZ),Safford Police Department,Police,Arizona,Safford,32.833298,-109.697418,Agency-name city match,High,Safford city,https://www.census.gov/geographies/reference-files/time-series/geo/gazetteer-files.html,Yes
257,265,Sahuarita Police Department (AZ),Sahuarita Police Department,Police,Arizona,Sahuarita,31.932238,-110.965395,Agency-name city match,High,Sahuarita town,https://www.census.gov/geographies/reference-files/time-series/geo/gazetteer-files.html,Yes
258,266,Salem Police Department Oregon,Salem Police Department Oregon,Police,Oregon,Salem,44.9239,-123.023007,Manual headquarters/office city,Medium,Salem city,https://www.census.gov/geographies/reference-files/time-series/geo/gazetteer-files.html,Yes
259,267,Salinas Police Department CA,Salinas Police Department,Police,California,Salinas,36.690217,-121.633793,Agency-name city match,High,Salinas city,https://www.census.gov/geographies/reference-files/time-series/geo/gazetteer-files.html,Yes
260,268,San Bernardino County District Attorneys Office (CA),San Bernardino County District Attorneys Office,State,California,San Bernardino,34.14114,-117.294635,County seat / headquarters city,High,San Bernardino city,https://www.census.gov/geographies/reference-files/time-series/geo/gazetteer-files.html,Yes
261,269,San Bernardino Police Department,San Bernardino Police Department,Police,California,San Bernardino,34.14114,-117.294635,Agency-name city match,High,San Bernardino city,https://www.census.gov/geographies/reference-files/time-series/geo/gazetteer-files.html,Yes
262,270,San Carlos Apache Police Department (AZ),San Carlos Apache Police Department,Police,Arizona,San Carlos,33.344561,-110.477712,Manual headquarters/office city,Medium,San Carlos CDP,https://www.census.gov/geographies/reference-files/time-series/geo/gazetteer-files.html,Yes
263,271,San Diego County Sheriff,San Diego County Sheriff,Sheriff,California,San Diego,32.814977,-117.135562,County seat / headquarters city,High,San Diego city,https://www.census.gov/geographies/reference-files/time-series/geo/gazetteer-files.html,Yes
264,272,San Diego Sector Border Patrol (CA),San Diego Sector Border Patrol,Federal,California,San Diego,32.814977,-117.135562,Manual headquarters/office city,Medium,San Diego city,https://www.census.gov/geographies/reference-files/time-series/geo/gazetteer-files.html,Yes
265,273,San Joaquin County District Attorney (CA),San Joaquin County District Attorney,State,California,Stockton,37.976553,-121.308598,County seat / headquarters city,High,Stockton city,https://www.census.gov/geographies/reference-files/time-series/geo/gazetteer-files.html,Yes
266,274,San Joaquin County Sheriffs Department (CA),San Joaquin County Sheriffs Department,Sheriff,California,Stockton,37.976553,-121.308598,County seat / headquarters city,High,Stockton city,https://www.census.gov/geographies/reference-files/time-series/geo/gazetteer-files.html,Yes
267,275,San Leandro Police Department (CA),San Leandro Police Department,Police,California,San Leandro,37.703368,-122.163036,Agency-name city match,High,San Leandro city,https://www.census.gov/geographies/reference-files/time-series/geo/gazetteer-files.html,Yes
268,276,San Luis Obispo County District Attorneys Office (CA),San Luis Obispo County District Attorneys Office,State,California,San Luis Obispo,35.266195,-120.668438,County seat / headquarters city,High,San Luis Obispo city,https://www.census.gov/geographies/reference-files/time-series/geo/gazetteer-files.html,Yes
269,277,San Luis Obispo Police Department (CA),San Luis Obispo Police Department,Police,California,San Luis Obispo,35.266195,-120.668438,Agency-name city match,High,San Luis Obispo city,https://www.census.gov/geographies/reference-files/time-series/geo/gazetteer-files.html,Yes
270,278,San Mateo Police Department (CA),San Mateo Police Department,Police,California,San Mateo,37.56031,-122.3106,Agency-name city match,High,San Mateo city,https://www.census.gov/geographies/reference-files/time-series/geo/gazetteer-files.html,Yes
271,279,Santa Clara County District Attorneys Office (CA),Santa Clara County District Attorneys Office,Other,California,San Jose,37.296011,-121.814552,County seat / headquarters city,High,San Jose city,https://www.census.gov/geographies/reference-files/time-series/geo/gazetteer-files.html,Yes
272,280,Scottsdale Police Department,Scottsdale Police Department,Police,Arizona,Scottsdale,33.684272,-111.861448,Agency-name city match,High,Scottsdale city,https://www.census.gov/geographies/reference-files/time-series/geo/gazetteer-files.html,Yes
273,281,Simi Valley Police Department,Simi Valley Police Department,Police,California,Simi Valley,34.266887,-118.748458,Agency-name city match,High,Simi Valley city,https://www.census.gov/geographies/reference-files/time-series/geo/gazetteer-files.html,Yes
274,282,Solano County Sheriffs Office (CA),Solano County Sheriffs Office,Sheriff,California,Fairfield,38.26206,-122.032386,County seat / headquarters city,High,Fairfield city,https://www.census.gov/geographies/reference-files/time-series/geo/gazetteer-files.html,Yes
275,283,Sonoma County Sheriffs Department (CA),Sonoma County Sheriffs Department,Sheriff,California,Santa Rosa,38.445824,-122.706181,County seat / headquarters city,High,Santa Rosa city,https://www.census.gov/geographies/reference-files/time-series/geo/gazetteer-files.html,Yes
276,284,South Gate Police Department (CA),South Gate Police Department,Police,California,South Gate,33.944159,-118.192761,Agency-name city match,High,South Gate city,https://www.census.gov/geographies/reference-files/time-series/geo/gazetteer-files.html,Yes
277,285,South Lake Tahoe Police Department (CA),South Lake Tahoe Police Department,Police,California,South Lake Tahoe,38.928218,-119.981,Agency-name city match,High,South Lake Tahoe city,https://www.census.gov/geographies/reference-files/time-series/geo/gazetteer-files.html,Yes
278,286,Sparks Police Department,Sparks Police Department,Police,Nevada,Sparks,39.574341,-119.715154,Agency-name city match,High,Sparks city,https://www.census.gov/geographies/reference-files/time-series/geo/gazetteer-files.html,Yes
279,287,Stanislaus County Auto Theft Task Force,Stanislaus County Auto Theft Task Force,Sheriff,California,Modesto,37.637533,-121.003049,Manual headquarters/office city,Medium,Modesto city,https://www.census.gov/geographies/reference-files/time-series/geo/gazetteer-files.html,Yes
280,288,Stanislaus County District Attorneys Office (CA),Stanislaus County District Attorneys Office,Other,California,Modesto,37.637533,-121.003049,County seat / headquarters city,High,Modesto city,https://www.census.gov/geographies/reference-files/time-series/geo/gazetteer-files.html,Yes
281,289,State Department - DSS,State Department - DSS,Federal,District of Columbia,Washington,38.904247,-77.016517,Manual headquarters/office city,Medium,Washington city,https://www.census.gov/geographies/reference-files/time-series/geo/gazetteer-files.html,Yes
282,290,Stockton Police Department,Stockton Police Department,Police,California,Stockton,37.976553,-121.308598,Agency-name city match,High,Stockton city,https://www.census.gov/geographies/reference-files/time-series/geo/gazetteer-files.html,Yes
283,291,Surprise Police Department (AZ),Surprise Police Department,Police,Arizona,Surprise,33.670801,-112.452546,Agency-name city match,High,Surprise city,https://www.census.gov/geographies/reference-files/time-series/geo/gazetteer-files.html,Yes
284,292,Sycuan Tribal Police Department (CA),Sycuan Tribal Police Department,Police,California,El Cajon,32.801673,-116.960468,Manual headquarters/office city,Medium,El Cajon city,https://www.census.gov/geographies/reference-files/time-series/geo/gazetteer-files.html,Yes
285,293,Tempe Police Department,Tempe Police Department,Police,Arizona,Tempe,33.388414,-111.931782,Agency-name city match,High,Tempe city,https://www.census.gov/geographies/reference-files/time-series/geo/gazetteer-files.html,Yes
286,294,Tigard Police Department,Tigard Police Department,Police,Oregon,Tigard,45.422921,-122.784388,Agency-name city match,High,Tigard city,https://www.census.gov/geographies/reference-files/time-series/geo/gazetteer-files.html,Yes
287,295,Tolleson Police Department (AZ),Tolleson Police Department,Police,Arizona,Tolleson,33.44837,-112.256012,Agency-name city match,High,Tolleson city,https://www.census.gov/geographies/reference-files/time-series/geo/gazetteer-files.html,Yes
288,296,Tracy Police Department CA,Tracy Police Department,Police,California,Tracy,37.727396,-121.452195,Agency-name city match,High,Tracy city,https://www.census.gov/geographies/reference-files/time-series/geo/gazetteer-files.html,Yes
289,297,Tucson Police Department (AZ),Tucson Police Department,Police,Arizona,Tucson,32.153036,-110.870773,Agency-name city match,High,Tucson city,https://www.census.gov/geographies/reference-files/time-series/geo/gazetteer-files.html,Yes
290,298,Tulare Police Department,Tulare Police Department,Police,California,Tulare,36.200246,-119.339775,Agency-name city match,High,Tulare city,https://www.census.gov/geographies/reference-files/time-series/geo/gazetteer-files.html,Yes
291,299,Turlock Police Department (CA),Turlock Police Department,Police,California,Turlock,37.505524,-120.859269,Agency-name city match,High,Turlock city,https://www.census.gov/geographies/reference-files/time-series/geo/gazetteer-files.html,Yes
292,300,Tustin Police Department,Tustin Police Department,Police,California,Tustin,33.73092,-117.810599,Agency-name city match,High,Tustin city,https://www.census.gov/geographies/reference-files/time-series/geo/gazetteer-files.html,Yes
293,301,United States Forest Service CA,United States Forest Service,Federal,California,Vallejo,38.106909,-122.262339,Manual headquarters/office city,Medium,Vallejo city,https://www.census.gov/geographies/reference-files/time-series/geo/gazetteer-files.html,Yes
294,302,United States Marshals Service,United States Marshals Service,Federal,California,Sacramento,38.567694,-121.468161,Manual headquarters/office city,Medium,Sacramento city,https://www.census.gov/geographies/reference-files/time-series/geo/gazetteer-files.html,Yes
295,303,United States Secret Service (USSS),United States Secret Service (USSS),Federal,District of Columbia,Washington,38.904247,-77.016517,Manual headquarters/office city,Medium,Washington city,https://www.census.gov/geographies/reference-files/time-series/geo/gazetteer-files.html,Yes
296,304,Upland Police Department (CA),Upland Police Department,Police,California,Upland,34.116073,-117.659922,Agency-name city match,High,Upland city,https://www.census.gov/geographies/reference-files/time-series/geo/gazetteer-files.html,Yes
297,305,US Border Patrol (NATL),US Border Patrol (NATL),Federal,District of Columbia,Washington,38.904247,-77.016517,Manual headquarters/office city,Medium,Washington city,https://www.census.gov/geographies/reference-files/time-series/geo/gazetteer-files.html,Yes
298,306,US Postal Inspection Service,US Postal Inspection Service,Federal,District of Columbia,Washington,38.904247,-77.016517,Manual headquarters/office city,Medium,Washington city,https://www.census.gov/geographies/reference-files/time-series/geo/gazetteer-files.html,Yes
299,307,Vernon Police Department,Vernon Police Department,Police,California,Vernon,34.001123,-118.210869,Agency-name city match,High,Vernon city,https://www.census.gov/geographies/reference-files/time-series/geo/gazetteer-files.html,Yes
300,308,Washoe County District Attorney (NV),Washoe County District Attorney,Other,Nevada,Reno,39.549097,-119.849907,County seat / headquarters city,High,Reno city,https://www.census.gov/geographies/reference-files/time-series/geo/gazetteer-files.html,Yes
301,309,Washoe County Sheriffs Office,Washoe County Sheriffs Office,Sheriff,Nevada,Reno,39.549097,-119.849907,County seat / headquarters city,High,Reno city,https://www.census.gov/geographies/reference-files/time-series/geo/gazetteer-files.html,Yes
302,310,West Covina Police Department,West Covina Police Department,Police,California,West Covina,34.055941,-117.909937,Agency-name city match,High,West Covina city,https://www.census.gov/geographies/reference-files/time-series/geo/gazetteer-files.html,Yes
303,311,Whittier Police Department,Whittier Police Department,Police,California,Whittier,33.966827,-118.020122,Agency-name city match,High,Whittier city,https://www.census.gov/geographies/reference-files/time-series/geo/gazetteer-files.html,Yes
304,312,Wickenburg Police Department (AZ),Wickenburg Police Department,Police,Arizona,Wickenburg,33.985756,-112.76834,Agency-name city match,High,Wickenburg town,https://www.census.gov/geographies/reference-files/time-series/geo/gazetteer-files.html,Yes
305,313,Yavapai County Sheriffs Department (AZ),Yavapai County Sheriffs Department,Sheriff,Arizona,Prescott,34.592241,-112.446733,County seat / headquarters city,High,Prescott city,https://www.census.gov/geographies/reference-files/time-series/geo/gazetteer-files.html,Yes
306,314,Yavapai-Apache Police Department (AZ),Yavapai-Apache Police Department,Police,Arizona,Camp Verde,34.569405,-111.857014,Manual headquarters/office city,Medium,Camp Verde town,https://www.census.gov/geographies/reference-files/time-series/geo/gazetteer-files.html,Yes
307,315,Yuma County Sheriffs Office (AZ),Yuma County Sheriffs Office,Sheriff,Arizona,Yuma,32.516286,-114.521782,County seat / headquarters city,High,Yuma city,https://www.census.gov/geographies/reference-files/time-series/geo/gazetteer-files.html,Yes
308,316,Yuma Police Department (AZ),Yuma Police Department,Police,Arizona,Yuma,32.516286,-114.521782,Agency-name city match,High,Yuma city,https://www.census.gov/geographies/reference-files/time-series/geo/gazetteer-files.html,Yes
